{
  "name": "core-ajax",
  "private": true,
  "dependencies": {
    "polymer": "Polymer/polymer#^0.5.0"
  },
  "devDependencies": {
    "polymer-test-tools": "Polymer/polymer-test-tools#master"
  },
  "version": "0.5.1",
  "homepage": "https://github.com/Polymer/core-ajax",
  "_release": "0.5.1",
  "_resolution": {
    "type": "version",
    "tag": "0.5.1",
    "commit": "c86e3ce6520a00725ebde89a05eb5c233c601e58"
  },
  "_source": "git://github.com/Polymer/core-ajax.git",
  "_target": "~0.5.1",
  "_originalSource": "Polymer/core-ajax"
}