{
  "name": "platform",
  "main": "platform.js",
  "homepage": "https://github.com/Polymer/platform",
  "authors": [
    "The Polymer Authors"
  ],
  "description": "Integrate platform polyfills: load, build, test",
  "keywords": [
    "polymer",
    "web",
    "components"
  ],
  "license": "BSD",
  "private": true,
  "version": "0.4.2",
  "_release": "0.4.2",
  "_resolution": {
    "type": "version",
    "tag": "0.4.2",
    "commit": "a2c58864021992690e6ee9ba170fbfa87af5bc9c"
  },
  "_source": "git://github.com/Polymer/platform.git",
  "_target": "^0.4.0",
  "_originalSource": "Polymer/platform"
}