{
  "name": "core-ajax",
  "private": true,
  "dependencies": {
    "polymer": "Polymer/polymer#^0.4.0"
  },
  "devDependencies": {
    "polymer-test-tools": "Polymer/polymer-test-tools#master"
  },
  "homepage": "https://github.com/Polymer/core-ajax",
  "version": "0.4.2",
  "_release": "0.4.2",
  "_resolution": {
    "type": "version",
    "tag": "0.4.2",
    "commit": "e3e62c060b105bedd975f440ddec1f933bd8bec5"
  },
  "_source": "git://github.com/Polymer/core-ajax.git",
  "_target": "~0.4.2",
  "_originalSource": "Polymer/core-ajax"
}