{
  "name": "core-icon-button",
  "private": true,
  "dependencies": {
    "core-icons": "Polymer/core-icons#^0.4.0"
  },
  "homepage": "https://github.com/Polymer/core-icon-button",
  "version": "0.4.2",
  "_release": "0.4.2",
  "_resolution": {
    "type": "version",
    "tag": "0.4.2",
    "commit": "6c1e3a7e61cc63d010d145fa72200c23dc64d65c"
  },
  "_source": "git://github.com/Polymer/core-icon-button.git",
  "_target": "~0.4.2",
  "_originalSource": "Polymer/core-icon-button",
  "_direct": true
}