{
  "name": "core-toolbar",
  "private": true,
  "dependencies": {
    "core-icon-button": "Polymer/core-icon-button#^0.4.0",
    "core-media-query": "Polymer/core-media-query#^0.4.0"
  },
  "homepage": "https://github.com/Polymer/core-toolbar",
  "version": "0.4.2",
  "_release": "0.4.2",
  "_resolution": {
    "type": "version",
    "tag": "0.4.2",
    "commit": "d39bc93e71eef4d8843c7d26f42cf2268fbf1009"
  },
  "_source": "git://github.com/Polymer/core-toolbar.git",
  "_target": "~0.4.2",
  "_originalSource": "Polymer/core-toolbar"
}