{
  "name": "paper-tabs",
  "private": true,
  "dependencies": {
    "core-icons": "Polymer/core-icons#^0.5.0",
    "core-selector": "Polymer/core-selector#^0.5.0",
    "core-toolbar": "Polymer/core-toolbar#^0.5.0",
    "core-media-query": "Polymer/core-media-query#^0.5.0",
    "font-roboto": "Polymer/font-roboto#^0.5.0",
    "paper-icon-button": "Polymer/paper-icon-button#^0.5.0",
    "paper-ripple": "Polymer/paper-ripple#^0.5.0"
  },
  "version": "0.5.1",
  "homepage": "https://github.com/Polymer/paper-tabs",
  "_release": "0.5.1",
  "_resolution": {
    "type": "version",
    "tag": "0.5.1",
    "commit": "c962b7538d67f9ff952d8852ad1d55e28b9904d8"
  },
  "_source": "git://github.com/Polymer/paper-tabs.git",
  "_target": "~0.5.1",
  "_originalSource": "Polymer/paper-tabs"
}